Query,Retrieved_Act,Top Chunk Section,Top Chunk Text,Model Answer,Runtime
Can WhatsApp screenshots be used to prove that someone breached a contract?,Land Act,42 – Relief against rescission of contract for the sale of land,"for relief under this section shall not in itself to be taken as an admission by the purchaser that— (a) there has been a breach of the contract by the purchaser; (b) by reason of the breach, the vendor has the right to rescind the contract; (c) a notice has been duly and properly served on the purchaser; or (d) the time for remedying a breach or for paying an amount by way of compensation has expired, and the court may grant relief without determining any of those matters. (5) Any, express or i","In Kenya, WhatsApp screenshots can be used as evidence to prove a breach of contract. Here's what it means in practice:
* Screenshots of messages can serve as proof of communication between parties.
* They can show agreements, disagreements, or discussions related to the contract.
* However, the authenticity and accuracy of the screenshots must be verified.
* A certificate from the person who took the screenshot or a professional can make it more reliable as evidence.

According to the Evidence Act, section 78, electronic evidence like WhatsApp screenshots can be admissible in court if certified to be correct.",6240.69
"Je, ninaweza kuoa bila idhini ya wazazi wangu?",Constitution of Kenya,47 – Nairobi City,"yetu ya Kenya, Service be our earnest endeavour, And our Homeland of Kenya Tunayoipenda Tuwe tayari kuilinda. Heritage of splendour, Firm may we stand to defend. 3 3 Natujenge taifa letu Ee, ndio wajibu wetu Let all with one accord In common bond united, Kenya istahili heshima Tuungane mikono Build this our nation together And the glory of Kenya Pamoja kazini Kila siku tuwe na shukrani. The fruit of our labour Fill every heart with thanksgiving. (c) The Coat of Arms (d) The Public Seal THIRD SCH","Katika Kenya, sheria inasema kwamba unapofikisha umri wa miaka 18, una uwezo wa kufanya maamuzi yako mwenyewe, ikiwa ni pamoja na kuoa. 

Hii ina maana kwamba:
* Unaweza kuoa bila idhini ya wazazi wako
* Lakini, ni vyema kuzingatia maoni yao na kujadili na wao kuhusu mpango wako wa kuoa

Sheria hii imeelezwa katika Katiba ya Kenya, haswa katika sehemu ya haki na uhuru wa mtu binafsi. 

[Constitution of Kenya, Article 39 - Freedom of movement and residence, na pia kwa kuzingatia umri wa kuoa uliowekwa na sheria]",4585.07
"Je, wosia unaweza kupingwa mahakamani?",Constitution of Kenya,47 – Nairobi City,"yetu ya Kenya, Service be our earnest endeavour, And our Homeland of Kenya Tunayoipenda Tuwe tayari kuilinda. Heritage of splendour, Firm may we stand to defend. 3 3 Natujenge taifa letu Ee, ndio wajibu wetu Let all with one accord In common bond united, Kenya istahili heshima Tuungane mikono Build this our nation together And the glory of Kenya Pamoja kazini Kila siku tuwe na shukrani. The fruit of our labour Fill every heart with thanksgiving. (c) The Coat of Arms (d) The Public Seal THIRD SCH","Wosia unaweza kupingwa mahakamani kwa sababu mbalimbali, kama vile:

* Ikiwa mtu aliyetiwa wosia hajafuata taratibu zinazohitajika
* Ikiwa wosia ulifanywa chini ya shinikizo au ushawishi
* Ikiwa wosia haujaandikwa kwa njia sahihi
* Ikiwa kuna mashaka kuhusu uwezo wa kiakili wa mtu aliyefanya wosia wakati wa kuiandika

Mahakama inaweza kuchunguza mambo haya na kufanya uamuzi kuhusu uhalali wa wosia. [Constitution of Kenya, Evidence Act]",3233.62
Kesi huchukua muda gani kusikilizwa?,Constitution of Kenya,47 – Nairobi City,"yetu ya Kenya, Service be our earnest endeavour, And our Homeland of Kenya Tunayoipenda Tuwe tayari kuilinda. Heritage of splendour, Firm may we stand to defend. 3 3 Natujenge taifa letu Ee, ndio wajibu wetu Let all with one accord In common bond united, Kenya istahili heshima Tuungane mikono Build this our nation together And the glory of Kenya Pamoja kazini Kila siku tuwe na shukrani. The fruit of our labour Fill every heart with thanksgiving. (c) The Coat of Arms (d) The Public Seal THIRD SCH","Kesi inaweza kuchukua muda tofauti kusikilizwa, kutegemea utata wake na shughuli za mahakama. Hakuna muda maalum uliowekwa kwa kesi kusikilizwa, lakini mahakama inalenga kusikiliza kesi kwa haraka iwezekanavyo bila kuhatarisha haki za wahusika wanaohusika.

Kwa ujumla, kesi zinaweza kuchukua muda wa siku chache hadi miaka kadhaa kusikilizwa, kutegemea mambo mbalimbali kama vile:

* Utata wa kesi: Kesi ngumu zaidi zinaweza kuchukua muda mrefu kusikilizwa.
* Uwepo wa ushahidi: Kesi zilizo na ushahidi mengi zinaweza kuchukua muda mrefu kusikilizwa.
* Shughuli za mahakama: Mahakama inaweza kuwa na shughuli nyingi, ambazo zinaweza kusababisha kuchelewa kwa kusikiliza kesi.

Kwa hiyo, ni vigumu kusema kwa usahihi kesi itachukua muda gani kusikilizwa, lakini mahakama inalenga kusikiliza kesi kwa haraka iwezekanavyo bila kuhatarisha haki za wahusika wanaohusika.

(Kitabu cha Sheria: Criminal Procedure Code, sehemu 198)",3158.99
what is the excise duty about,Excise Duty Act,32 – Exempt excisable goods liable for excise duty on disposal or inconsistent use,"When a person imports or purchases excisable goods which are exempt from excise duty under the Second Schedule and the person subsequently disposes of, or uses, the goods in a manner inconsistent with the exemption, the person shall be liable to pay excise duty on the goods at the rate applicable to goods of that class or description at the time of disposal or inconsistent use: Provided that in the case of a motor vehicle, excise duty shall not be payable where in the case of a natural person, t","Excise duty is a type of tax charged on certain goods and services in Kenya. Here's what it's about:

* It's a tax on goods like alcohol, tobacco, and fuel, as well as services like internet data and mobile phone services.
* The tax is paid by the manufacturer, importer, or service provider.
* If you import or buy goods that are exempt from excise duty, but then use or sell them in a way that's not allowed, you'll have to pay the tax.
* If you've already paid excise duty on raw materials and use them to make other goods, you can get a refund on the duty paid on those raw materials.
* You can also get a refund if you've paid excise duty on goods that were damaged, stolen, or returned.

In simple terms, excise duty is a tax on certain goods and services that's meant to raise revenue for the government. It's paid by businesses, but ultimately, the cost is passed on to consumers.

(Excise Duty Act, various sections)",3668.18
is singing illegal?,Criminal Procedure Code,383 – Distress not illegal for defect in proceedings,"No distress made under this Code shall be deemed unlawful, nor shall any person making it be deemed a trespasser, on account of a defect or want of form in the summons, conviction, warrant of distress or other proceedings relating thereto.","Singing is not illegal in itself. However, if the song contains words or messages that degrade or demean people with disabilities, it could be considered an offense under the Persons with Disabilities Act. Additionally, if the song is used to advertise or promote something that discriminates against people with disabilities, it could also be considered an offense.

Here are some key points to consider:
* Singing is a form of expression, and as long as it doesn't harm or discriminate against others, it's allowed.
* If the song's lyrics or message are degrading or discriminatory, it could lead to legal issues.
* The context and intention behind the song also matter.

(Criminal Procedure Code, Persons with Disabilities Act)",3476.25
